"6","3D Archery","406-965-3236","775 Couch Ave","","Vaughn","MT","59487","USA","47.557204","-111.55393200000003"
"8","Abbey Archery","011 61 2 8850 6400","Unit 10, 8 Victoria Ave","","Castle Hill","","2154","Australia","-33.7311289","150.9784939"
"9","Above Timberline","801-465-4847","202 West 1600 South","","Payson","UT","84651","USA","40.018189","-111.73472400000003"
"10","ABSOLUTE ARCHERY","530-672-1002","","","SHINGLE SPRINGS","CA","95682","USA","38.665833","-120.92611099999999"
"11","Achterberg Archery","608-429-2308","N7120 Pardeeville Rd","","Pardeeville","WI","53954","USA","43.535949","-89.26558899999998"
"12","Acorn Archery Pro Shop","724-656-8737","2372 Harlansburg Road","","New Castle","PA","16101","USA","41.0124216","-80.26734699999997"
"13","Adams Archery","734-461-0266","7730 Willow Rd","","Milan","MI","48160","USA","42.109876","-83.60435899999999"
"14","Adkins-Joe","304-654-2009","2400 Prichard Rd","","Ona","WV","25545","USA","38.4441545","-82.20990069999999"
"15","Advanced Archery","920-853-3131","320 W. Main St","","Hilbert","WI","54129","USA","44.1393941","-88.15845030000003"
"16","Advantage Archery - ID","208-735-9878","Caleb Drake","","Twin Falls","ID","83301","USA","42.3986045","-114.56135069999999"
"17","AJ'S Archery","315-655-2697","3938 Nelson Heights Road","","Cazenovia","NY","13035","USA","42.9300668","-75.85269149999999"
"18","Albrecht Taxidermy","608-897-2313","2307 1st Center Ave","","Broadhead","WI","53520","USA","42.6082654","-89.3773999"
"19","All Season Sports","763-972-3112","Shawn Lynch","","Delano","MN","55328","USA","45.0419073","-93.78913310000002"
"20","Allied Archery","734-529-5269","126 Main Street","","Dundee","MI","48131","USA","41.9573515","-83.65943579999998"
"21","Alpine Archery","541-963-4671","117 Elm Street","","La Grande","OR","97850","USA","45.32741720000001","-118.09412959999997"
"22","Alvarado Archery","817-783-7300","6011 Hwy 67","","Alvarado","TX","76009","USA","32.4110452","-97.25250890000001"
"23","American Motorcycle/AMA","920-825-7707","1223 CR DK","","Brussels","WI","54204","USA","44.729936","-87.6711742"
"24","American Outdoor Warehouse","814-452-3435","Scott Corsole","","Erie","PA","16502","USA","42.1103844","-80.09539419999999"
"25","Among Archery","808-885-7002","64-5290 Puu Nanea St.","","Kamuela","HI","96743","USA","20.039739","-155.6355979"
"26","Anchor Point Archery","715-268-5250","107 Power Street","","Amery","WI","54001","USA","45.2982214","-92.36249190000001"
"27","Andover Archery","860-742-4279","398 Hebron Rd.","","Andover","CT","06232","USA","41.70207","-72.36564190000001"
"28","Appleland Sports Supply","608-735-4470","PO Box 22","","Gays Mills","WI","54631","USA","43.3174788","-90.8448502"
"29","Arc Elite","514-252-8315","5946, rue Hochelaga","","Montreal","QC","H1N 1X1","Canada","45.572578","-73.53622280000002"
"30","Archer's Addiction","605-543-6040","47219 Schweigers Circle","","Sioux Falls","SD","57107","USA","43.6423464","-96.76800449999996"
"31","Archer's Afield","503-639-3553","11945 SW Pacific Hwy","","Portland","OR","97223","USA","45.4347292","-122.7659865"
"32","Archer's Den-OK","580-490-9979","615 3rd Avenue NW","","Ardmore","OK","73401","USA","Click button below","Click button below"
"33","Archer's Edge-SA","","104 Heketh Street","","Moraleta Park","","0044","South Africa","-25.84272","28.284190999999964"
"34","Archer's Nook","519-455-3021","Box 35033","","London","ON","N5W 5Z6","Canada","42.9883051","-81.18353450000001"
"35","Archer's Quest","920-230-2697 (oshkosh)","314 N Koeller St","","Oshkosh","WI","54902","USA","44.0228644","-88.58154359999997"
"36","Archerie Mania","05.65.44.78.17","Hameau de Curlande","","BOZOULS","","12340","France","44.4413887","2.697207400000025"
"37","Archers Afield","503-639-3553","11945 SW Pacific Hwy , Ste. #121","","Tigard","OR","97223","USA","45.4347292","-122.7659865"
"38","Archers Alley","217-853-5961","Nathaniel Frazier","","Decatur","IL","62526","USA","39.8403147","-88.9548001"
"39","Archers Pro Shop","870-435-4343","PO Box 253","","Cotter","AR","72626","USA","36.3169936","-92.56437729999999"
"40","Archery @ The Glenn","610-791-7665","7 Auburn Street","","Allentown","PA","18103","USA","40.5981599","-75.4561137"
"41","Archery Angels, LLC","404-201-5855","504 E Virginia Ave","","Tampa","FL","33603","USA","27.979964","-82.454903"
"42","Archery Connection LLC","334-480-9997","3022 Lakewood Dr","","Phenix City","AL","36867","USA","32.4965732","-85.0365021"
"43","Archery Country- TX","512-452-1222","8121 Research Blvd.","","Austin","TX","78758","USA","30.3534306","-97.7137247"
"44","Archery Headquarters","480-961-3100","6401 W. Chandler Blvd","","Chandler","AZ","85226","USA","33.304845","-111.95149900000001"
"45","Archery Headquarters-MN","800-282-3507","3440 Northern Valley Place NE","","Rochester","MN","55906","USA","44.058887","-92.446053"
"46","Archery In The Wild","720-652-9100","1725 Vista View Drive","","Longmont","CO","80504","USA","40.16011779999999","-105.02257639999999"
"47","Archery Only","510-795-0460","37300 Cedar Blvd","","Newark","CA","94560-4165","USA","37.5402835","-122.02152309999997"
"48","Archery Outfitters - AR","870-779-9459","3601 Jefferson Ave","","Texarkana","AR","71854","USA","33.4573941","-94.0292508"
"49","Archery Outpost","918-938-6476","4420 S Mingo","","Tulsa","OK","74146","USA","36.0157252","-95.8685461"
"50","Archery Quest","417-863-8060","2900-A East Pythian","","Springfield","MO","65802","USA","37.2168752","-93.2367175"
"51","Archery Shoppe","505-278-9768","2910 Carlisle NE","","Albuquerque","NM","87110","USA","35.1154857","-106.603725"
"52","Archery Spot","517-254-4455","3400 E Territorial Rd","","Camden","MI","49232","USA","41.7091423","-84.58468519999997"
"53","Archery Supplies-AUS","+61 02 6239 2899","Unit 4","","Lonsdale","","5160","Australia","-35.104837","138.50664099999995"
"54","Archery World","360-693-7510","803 Grand Blvd","","Vancouver","WA","98661","USA","45.6269308","-122.64003939999998"
"55","Arizona Archery Club and Pro-Shop","623-266-4647","5630 E Paradise Lane","","Scottsdale","AZ","85254","USA","33.633496","-111.95884999999998"
"56","Arizona Archery Outfitters(Bull Basin)","928-699-0477","1550 S Craycroft Road","","Tucson","AZ","85711","USA","32.2027438","-110.87564040000001"
"57","Arrowsmith Outfitters","817-703-8817","2809 Victor Court","","Arlington","TX","76013","USA","32.727706","-97.15322100000003"
"58","Ashley's Archery & Taxidermy","252-636-1582","3819 Dr. MLK Blvd","","New Bern","NC","28562","USA","35.108493","-77.04411429999999"
"59","AUDETTE'S INC","207-377-2711","LEE ROBINSON","","WINTHROP","ME","04364","USA","44.3050694","-69.97699539999996"
"60","Autumn Addiction","234-244-4515","3278 State Rt 5","","Cortland","OH","44410","USA","41.3077385","-80.74268430000001"
"61","B & B Archery, Inc. - MS","601-939-4380","810 Clearmont Drive","","Pearl","MS","39208","USA","32.249359","-90.132317"
"62","B & G Pro Shop","304-589-7432","381 Sportsman Drive","","Bluefield","WV","24701","USA","37.323118","-81.20524999999998"
"63","B Squared Archery","","4700D Southwest Topeka Drive","","Topeka","KS","66609","USA","38.982312","-95.686282"
"64","B&K Archery Service","530-342-0110","39 El Cerrito Dr.","","Chico","CA","95973","USA","39.763855","-121.85148900000002"
"65","B.B Archery","816-763-2699","8709 Booth Avenue","","Kansas City","MO","64138","USA","38.96508","-94.48780099999999"
"66","Backwoods Hunting Specialties","417-264-3025","Bruce Meyer","","Thayer","MO","65791","USA","36.5245064","-91.53819670000001"
"67","Baldurs","651-452-8840","Orbaekvej 6","","Brande","","7330","Denmark","55.94526","9.118271999999934"
"68","Banger's Sport Shop-NJ","609-561-1717","840 Piney Hollow rd","","Winslow Township","NJ","08037","USA","39.62668","-74.88366200000002"
"69","Bass & Bucks","260-569-1853","Bass and Bucks #1039","","Lewistown","MT","59457","USA","47.0624732","-109.42823799999996"
"70","Bass Pro Shops","","Sprtsman's Park Center","","Springfield","MO","65898","USA","37.1465354","-93.259116"
"71","Bean Outdoors","336-564-2400","612 Sunset Rd","","Clemmons","NC","27012","USA","35.9638353","-80.30819400000001"
"72","Bear Mountain Sports","480-926-7161","899 E Southern","","Mesa","AZ","85204","USA","33.392987","-111.81219599999997"
"73","Belmont Archery Outfitters","585-973-7312","6381 County Road 20","","Friendship","NY","14739","USA","42.2027552","-78.14596069999999"
"74","Ben's Archery","541-963-5871","2706 N Spruce Street","","LaGrande","OR","97850","USA","45.337485","-118.086948"
"75","Benton Shooters Supply","423-338-2008","PO Box 667","","Benton","TN","37307","USA","35.1742411","-84.65354680000002"
"76","Better Outdoors Archery","870-475-DEER","214 Greenwood Ave","","Lepanto","AR","72354","USA","35.612234","-90.330872"
"77","Betts Archery","419-422-8451","15803 CR 216","","Arcadia","OH","44804","USA","41.10855","-83.57764299999997"
"78","Big Bear Outfitters","360-275-6631","PO Box 303","","Vaughn","WA","98394","USA","47.3146613","-122.77419129999998"
"79","Big O's Archery","903-870-2114","1520 Texoma Pkwy","","Sherman","TX","75090","USA","33.65168","-96.60982639999997"
"80","Big Rock Sports","252-726-6186","Henrys Richmond County","","Morehead CIty","NC","28557","USA","34.7229391","-76.72604360000003"
"81","Big Sky Archery","406-388-0503","77 Laura Louise Lane","","Bozeman","MT","59718","USA","45.7017813","-111.1869623"
"82","Bill Pellegrino's Archery Hut","719-638-0554","6325 E. Platet Ave","","Colorado Springs","CO","80915","USA","38.837412","-104.710396"
"83","Bitter Root Valley Archery","406-241-4176","16670 Old US Hwy 93 South","","Florence","MT","59833","USA","46.67597000000001","-114.076752"
"84","BKIII Archery","414-331-5412","W151 56438 Glenbrook Dr.","","Muskego","WI","53150","USA","42.9275355","-88.10342430000003"
"85","Black Sheep Sporting Goods","208-667-7831","Black Sheep Sporting Goods","","Coeur D'Alene","ID","83815","USA","47.7276369","-116.78119600000002"
"86","Blevins Archery Center","573-547-6112","200 N. French Lane & Hwy 51","","Perryville","MO","63775","USA","37.7242202","-89.86121960000003"
"87","Blind Ambition Hunting Supply","888-317-7355","Nick Noll","","Cross Plains","WI","53528","USA","43.11443850000001","-89.65567770000001"
"88","Bob's Sporting Goods","360-425-3870","1111 Hudson Street","","Longview","WA","98632","USA","46.13586","-122.93249700000001"
"89","Borkholder Archery","574-773-0306","72945 Co. Rd. 17","","Middford","IN","46542","USA","41.43607","-85.88644799999997"
"90","Bow Hunters Unlimited","715-627-4773","N1180 Trout Rd","","Antigo","WI","54409","USA","45.0840147","-89.08371439999996"
"91","Bow N Arrow Shop","619-443-5488","9748 Los Coches Road","","Lakeside","CA","92040","USA","32.8558033","-116.92126410000003"
"92","Bow Pro Shop","918-683-8879","1920 1/2 N 11th St","","Muskogee","OK","74401","USA","35.7690107","-95.37593470000002"
"93","Bowhunters Supply Store","770-834-3044","1385 E Hwy 166","","Bowdon","GA","30108","USA","33.560083","-85.22404499999999"
"94","Bowie Outfitters","225-766-1200","8630 Perkins Road","","Baton Rouge","LA","70810","USA","30.3877219","-91.104378"
"95","Broadside Archery-AUS","","2/196 Gladstone St.","","Fyshwick","","2609","Australia","-35.330028","149.18453499999998"
"96","Broken Arrow Archery","","2044 SE Adams Street","","Milwaukie","OR","97222","USA","45.4416522","-122.6402488"
"97","Broken Arrow Archery-WI","920-982-0769","W2588 Sievert Td","","Seymour","WI","54165","USA","44.430023","-88.31618300000002"
"98","Browns Sporting Goods","","7281 S State Road","","Goodrich","MI","48438","USA","42.9248119","-83.50034360000001"
"99","Brunner's Archery & Outfitters","920-686-1297","3009 Menesha Ave","","Menitowoc","WI","54220","USA","44.11767400000001","-87.68536030000001"
"100","Buck Rub","262-547-0535","N13 W28400 Silvernail Rd","","Pewaukee","WI","53072","USA","43.0499357","-88.313851"
"101","Buck Stop Archery","618-427-5264","RR1 Box 417A","","Vandalia","IL","62471","USA","38.9606009","-89.09367780000002"
"102","Buck Stop Archhery (west dundee)","847-844-3337","Rt 1 Box 417A","","Vandalia","IL","62471","USA","38.9606009","-89.09367780000002"
"103","Bucks & Jakes","812-897-4285","3655 Hwy 62 W","","Boonville","IN","47601","USA","38.04747800000001","-87.31329199999999"
"104","Buffalo Jump Archery","406-449-3111","PO Box 5581","","Helena","MT","59604","USA","46.61","-112.00999999999999"
"105","Bugs N Bullets","406-782-7311","40 Sportsman Way","","Butte","MT","59701","USA","45.9622866","-112.51249100000001"
"106","Bull Basin","928-526-1025","2566 E 7th Ave","","Flagstaff","AZ","86004","USA","35.2116632","-111.61026989999999"
"107","Bulls Eye Archery","231-757-9801","656 N Reek Road","","Custer","MI","49405","USA","43.9663485","-86.17901710000001"
"108","Bwana Archery","651-482-9866","3015 Country Drive","","St. Paul","MN","55117","USA","45.032544","-93.09140400000001"
"109","C & S Archery","936-588-4443","424-A McCaleb Rd","","Montgomery","TX","77316","USA","30.3504816","-95.58380119999998"
"110","C.D.M","","710 North Main Street","","Geneva","IN","46740","USA","40.598111","-84.95757700000001"
"111","Cabelas","308-255-1265","PO Box 277","","Sidney","NE","69160","USA","41.1448989","-102.98043510000002"
"112","Cabelas-Canada","204-788-4867","766 Pandora Ave, E","","Winnipeg","MB","R2C 4S2","Canada","49.8930651","-96.97901919999998"
"113","Camo'd Arrow Archery","509-935-6244","1965 Hwy 395 S","","Chewelah","WA","99109","USA","48.2970187","-117.75205"
"114","CAMOFIRE LLC","801-676-9631","Kendall Card","","West Valley","UT","84119","USA","40.7095135","-111.96417280000003"
"115","Capital Sports","406-443-2978","1092 Helena Ave","","Helena","MT","59601","USA","46.59744209999999","-112.0242824"
"116","CHEROKEE OUTFITTERS","864-902-9598","WILL GREGORY","","GAFFNEY","SC","29341","USA","35.0717945","-81.64981949999998"
"117","Chesapeake Outdoors","410-604-2500","1707 Main Street","","Chester","MD","21619","USA","38.974759","-76.28156189999999"
"118","Cheyenne Mountain Outfitters","609-570-8430","691 Route 130","","Robbinsville","NJ","08691","USA","40.1913479","-74.64755059999999"
"119","Chuck's Archery","724-206-0662","2301 Jefferson Ave","","Washington","PA","15301","USA","40.1930004","-80.28818960000001"
"120","Cinnamon Creek Ranch","817-439-8998","13794 Old Denton Rd","","Roanoke","TX","76262","USA","32.9772761","-97.29608059999998"
"121","Combo Sports Distribution","","1175 Williams Road","","Columbus","OH","43207","USA","39.8905334","-82.9678614"
"122","Copperhead Gun and Archery LLC","606-285-3454","Tonya Conley","","Langley","KY","41645","USA","37.5317655","-82.79071569999996"
"123","Country Village Sporting Goods, LLC","870-862-7799","965 Smackover Hwy","","El Dorado","AR","71730","USA","33.2638266","-92.65134710000001"
"124","COVINGTON'S ACE HARDWARE","601-276-9544","CRISTY HOLLOWAY","","SUMMIT","MS","39666","USA","31.2837867","-90.46843150000001"
"125","Coyote Creek Gun & Archery","507-289-8308","3600 S Broadway","","Rochester","MN","55904","USA","43.9704164","-92.46296760000001"
"126","Cradle Butte Archery","307-751-8519","Kelly Abelmann","","Rozet","WY","82727","USA","44.31016229999999","-105.24926770000002"
"127","Crazy Horse Archery & Tackle","270-789-3776","2422 New Columbia Rd","","Campbellsville","KY","42718","USA","37.3046007","-85.3551933"
"128","Crooked Creek Archery","304-375-2434","16 Plum Run Rd","","Williamstown","WV","26187","USA","39.3634268","-81.44241690000001"
"129","Culpepper Archery","706-595-3512","PO Box 1016","","Thomson","GA","30824","USA","33.4706927","-82.5045733"
"130","Custom Archery & Outdoors, Inc.","","1230 Poplar Ave","","Superior","WI","54880","USA","46.7241451","-92.08384289999998"
"131","Dave's Archery","814-725-1232","10253 Station Road","","North East","PA","16428","USA","42.11096999999999","-79.85634600000003"
"132","Dead On Archery","208-922-9744","2006 E. Franklin Rd","","Meridian","ID","83642","USA","43.6059056","-116.36938900000001"
"133","Desert Archery","928-681-4007","4045 N Bank St","","Kingman","AZ","86409","USA","35.240834","-114.01198899999997"
"134","Deweys Pawn Shop","864-422-0072","5900 Augusta Rd","","Greenville","SC","29605","USA","34.7756783","-82.38207549999998"
"135","Diamond Archery","316-265-0651","926 W. Harry","","Wichita","KS","67213","USA","37.666334","-97.35115100000002"
"136","Dick's Sporting Goods","","345 Court St.","","Coraopolis","PA","15108","USA","40.5076307","-80.2658323"
"137","DNW Outdoors","870-972-5827","1711 E Parker Road","","Jonesboro","AR","72404","USA","35.80612","-90.68856299999999"
"138","Dorroh Seed & Supply","573-359-2222","2501 E Highway 84","","Hayti","MO","63851","USA","36.2258751","-89.71961240000002"
"139","Double G Archery","512-868-5530","4185B East Highway 29","","Georgetown","TX","78626","USA","30.6383042","-97.5384985"
"140","Down Wind Archery","","7323 E. Ririe Hwy","","Idaho Falls","ID","83401","USA","43.587773","-111.88801799999999"
"141","Dragon Flight Archery","403-637-0266","Box 629","","Cremona","AB","T0M 0R0","Canada","51.5451035","-114.49009519999998"
"142","Dunn's Sporting Goods","618-997-3626","1904 W Rendleman","","Marion","IL","62959","USA","37.738762","-88.95048810000003"
"143","Duplay-Richard","920-321-0154","1147 Hillcrest Heights","","Green Bay","WI","54313","USA","44.572317","-88.10021389999997"
"144","Erhart Sports","03 89 06 30 30","6,","","","Rue De I'll","","France","47.6265817","7.239568599999984"
"145","Eunice Archery Range & Gear LLC","337-466-3930","Mike Hebert","","Eunice","LA","70535","USA","30.4943669","-92.4176324"
"146","Extreme Archery-NY","914-777-7500","801 E. Boston Post Rd.","","Manaroneck","NY","10543","USA","40.95336040000001","-73.72418779999998"
"147","Extreme Performance Archery","406-586-8785","703 Bridger Dr","","Bozeman","MT","59718","USA","45.766214","-111.09108040000001"
"148","Farris Brothers","601-264-8444","24 Ratcliff Lane","","Hattiesburg","MS","39404","USA","31.310585","-89.37474099999997"
"149","Farwest Sports / Sportco","253-922-2581","4602 20th St. E","","Fife","WA","98424","USA","47.2380322","-122.366265"
"150","Flying Arrow Sports","","92 Old Route 6","","Carmel","NY","10512","USA","41.4118906","-73.66022020000003"
"151","Forge Bow","","406 Travis Lane Bldg. 47","","Waukesha","WI","53189","USA","42.976596","-88.23519599999997"
"152","Four Rivers 3D Archery","","7744 Cedar Valley Rd","","Floodwood","MN","55736","USA","47.073624","-92.99224600000002"
"153","Foutz's Hunting & FIshing LLC","","68 S Plaza Way","","Cape Girardeau","MO","63701","USA","37.30504990000001","-89.54809690000002"
"154","Full Curl Archery","","PO Box 222285","","Anchorage","AK","99522","USA","61.15","-149.9199999"
"155","Full Draw Addiction","208-220-6081","PO Box 86","","Montpelier","ID","83254","USA","42.3221498","-111.29770439999999"
"156","Game Masters","","5100 Broadway","","Quincy","IL","62305","USA","39.933807","-91.3350524"
"157","GANNETT RIDGE HUNTING EQUIPMENT","","","","FORT COLLINS","CO","80524","USA","40.5852602","-105.08442300000002"
"158","Golden Arrow Archery","","Box 1652","","Regina","","S4P 3C4","Canada","50.4519033","-104.6143131"
"159","GOODS FOR THE WOODS","","33 2ND AVE NORTH","","LEWISTON","MT","59457","USA","47.0661981","-109.4249891"
"160","GOOSE HUMMOCK SHOP","508-255-0455","GOOSE HUMMOCK SHOP #1079","","LEWISTON","MT","59457","USA","46.9784182","-109.36684539999999"
"161","Gun World & Archery Pro Shop","812-738-0935","1548 Hwy 62 NW","","Corydon","IN","47112","USA","38.2234454","-86.15823940000001"
"162","H G & H Archery","","4819 Hwy 16","","Conover","NC","28613","USA","35.76467900000001","-81.17505299999999"
"163","H&H Archery Supply","320-963-5118","PO Box 363","","Maple Lake","MN","55358","USA","45.2299207","-94.00387560000001"
"164","H&H Shooting Sports","","400 S Vermont","","Oklahoma City","OK","73108","USA","35.4609341","-97.5951642"
"165","Hall's Arrow Indoor Archery Range","860-646-4565","291 W Middle Tpke","","Manchester","CT","06040","USA","41.7817973","-72.53749540000001"
"166","Heartland Outdoors","","1 Heartland Drive","","S. Hutchinson","KS","67505","USA","38.0072149","-97.94133010000002"
"167","Hickory Ridge Archery","608-994-3050","10597 Hickory Road","","Bloomington","WI","53804","USA","42.9016895","-90.94583210000002"
"168","High Desert Archery","","1836 W. Amador Ave","","Las Cruces","NM","88005","USA","32.301","-106.803"
"169","Higley's Archery","814-654-7939","17857 Hwy 8","","Centerville","PA","16404","USA","41.72483","-79.7601072"
"170","Hoffman Archery","","5185 Lee Hwy","","Warrenton","VA","20187","USA","38.7661206","-77.72074800000001"
"171","Hoffmeyer & Sons Archery","","3300 Brewer Rd.","","Howell","MI","48855","USA","42.6475572","-83.95972660000001"
"172","Honey Creek Outdoors (formerly R & S Ant)","918-791-1195","31902 S. 622 Rd","","Grove","OK","74344","USA","36.5569799","-94.77062030000002"
"173","HOPE ON THE HORIZON OUTDOORS","","","","GRANITE FALLS","WA","98252","USA","48.0839895","-121.96874200000002"
"174","Horizontal Archery","","37432 5th Ave.","","Sardis","OH","43946","USA","39.622674","-80.90397610000002"
"175","Hunter's Refuge","","7013 Dollarway Road","","White Hall","AR","71602","USA","34.261829","-92.081501"
"176","Hunter's Shack","","429 E CR 200 N","","Arcola","IL","61910","USA","39.6807591","-88.37593019999997"
"177","In Pursuit 365","","","","Derry","NH","03038","USA","42.8806437","-71.32733459999997"
"178","In Pursuit 365 / Johnny Brown","","","","Derry","NH","03038","USA","Click button below","Click button below"
"179","J's Archery Pro Shop","715-627-2697","2763 Highway 45 North","","Antigo","WI","54409","USA","45.172927","-89.14634669999998"
"180","J ANDJ ARCHERY","","","","MERTZTOWN","PA","19539","USA","40.5055295","-75.66640319999999"
"181","Jake's Archery","801-225-9202","765 South Orem Blvd","","Orem","UT","84058","USA","40.283198","-111.69074999999998"
"182","Jay's Sporting Goods","989-705-1339","PO Box 238","","Clare","MI","48617","USA","43.8194703","-84.7686281"
"183","Jim Bows Archery","","#102 - 620 46th Avenue N.E.","","Calgary","AB","T2E 8M9","Canada","51.0945139","-114.04842530000002"
"184","Johns Bow Shop","218-444-2046","515 Centerpoint Ct. NW","","Bemidji","MN","56601","USA","47.556791","-94.88561270000002"
"185","Jon's Sport Shop","920-233-5533","2968 Jackson Rd","","Oshkosh","WI","54901","USA","44.0554297","-88.54291060000003"
"186","JSO Enterprises","808-936-6181","398 Leoiki Place","","Hilo","HI","96720","USA","19.677014","-155.088911"
"187","K & S OUTDOORS","205-468-2190","SPORTS INC #1042","","LEWISTON","MT","59457","USA","46.9784182","-109.36684539999999"
"188","Kinetic Archery","920-609-7163","2670 S Packerland Dr.","","Green Bay","WI","54313","USA","44.540903","-88.09429290000003"
"189","Kinseys Archery Products","717-653-9074","1660 Steel Way Drive","","Mt. Joy","PA","17552","USA","40.109818","-76.50329959999999"
"190","LaCrosse Archery","","1231 Oak Forest Drive","","Onalaska","WI","54650","USA","43.872782","-91.217691"
"191","Lake Country Archery","","PO Box 313","","Alba","TX","75410","USA","32.7929034","-95.63440359999998"
"192","Lancaster Archery","800-829-7408","21 Graybill Road","","Leola","PA","17540","USA","40.08905499999999","-76.16196200000002"
"193","Leaf River Sports","","1718 Evelyn Gandy Pkwy","","Hattiesburg","MS","39401","USA","31.3592518","-89.2862265"
"194","Little Jons Archery","608-478-0880 - Ext. for Jodi 101","5346 Missouri Road","","Marshall","WI","53559","USA","43.144499","-89.04768200000001"
"195","M'Arco Archery di Seri Marco","","Marco Seri","","Belforte del Chienti Macerata","","62020","Italy","43.1600824","13.238170099999934"
"196","Macks Prairie Wings","","PO Box 1290","","Stuttgart","AR","72160","USA","34.5003748","-91.55262809999999"
"197","Macrotech Accessories, Ltd","","5826 Gov. Ritchie Hwy","","Baltimore","MD","21225-3751","USA","39.2139066","-76.61479489999999"
"198","Maurice Sporting Goods","847-715-1381","1910 Techny Rd","","Northbrook","IL","60065","USA","42.1172742","-87.82622049999998"
"199","Mesquite Archery","","5711 A Kenwick Drive","","San Antonio","TX","78238","USA","29.485168","-98.59880500000003"
"200","Midway USA","573-445-6363 x2381","5875 W. Van Horn Tavern Rd","","Columbia","MO","65203","USA","38.970184","-92.42375299999998"
"201","Mike's Outdoor Sports","","PO Box 189","","Jay","FL","32565","USA","30.9529611","-87.15135900000001"
"202","Mikes Archery","","2630 State Route 141","","Ironton","OH","45638","USA","38.547578","-82.64398990000001"
"203","Mile High Archery","928-632-5004","8708 East Hwy 69 #C","","Prescott Valley","AZ","86314","USA","34.58532","-112.313376"
"204","Monsen's Sporting Goods","705-748-6811ext 27-David Rye","619 The Queensway","","Peterborough","ON","K9J 7B1","Canada","44.2766465","-78.33764839999998"
"205","Mouldy's Archery & Tackle","","2863 S. Prairie View Road","","Chippewa Falls","WI","54729","USA","44.88438","-91.42412300000001"
"206","Mr Guns & The Archery Shop","","MICHAEL J ROSTECK","","CEDAR FALLS","IA","50613","USA","42.5348993","-92.44531610000001"
"207","Nocked & Loaded","","302 South Western Ave","","Lampasas","TX","76550","USA","31.065975","-98.17979200000002"
"208","Norman Archery","405-636-1415","8317 Gateway Terrace","","Oklahoma City","OK","73149","USA","35.383144","-97.49874"
"209","NORTH 40 OUTFITTERS","","PO Box 6430","","Great Falls","MT","59406","USA","47.45","-111.18"
"210","North American Hunting Supplies","","RR3 Site 303 Comp. 29","","Onoway ","AB","T0E1V0","Canada","53.70175","-114.1980661"
"211","Northern Dutchess Archery","","7375 South Broadway","","Red Hook","NY","12571","USA","41.9897205","-73.88083649999999"
"212","Obsession Archery","","8289 Burden Road","","Machesney Park","IL","61115","USA","42.38358239999999","-89.0192174"
"213","Obsidian Archery","","245 N Canyon City Blvd","","Canyon City","OR","97820","USA","44.4139472","-118.9529708"
"214","Oceans East","757-464-6545","OCEANS EAST #6007","","North Lewiston","MT","59457","USA","46.9784182","-109.36684539999999"
"215","Ohio Valley Trading","","25 E Stimson Ave","","Athens","OH","45701","USA","39.3323524","-82.09202199999999"
"216","On Target-TX","903-865-8880","29993 State Hwy 64","","Canton","TX","75103","USA","32.5967785","-95.91883559999997"
"217","Ozark Sportsman Supply","","PO Box 940","","Tontitown","AR","72770","USA","36.178673","-94.23476749999998"
"218","Pacific Flyway/Sportsman's Warehouse","","7035 S High Tech Drive","","Midvale","UT","84047-3759","USA","40.6237092","-111.89663969999998"
"219","Paducah Shooters Supply","","Chance Clanahan","","Paducah","KY","42001","USA","37.0833893","-88.60004779999997"
"220","Pape's","","250 Terry Blvd","","Louisville","KY","40229","USA","38.0756558","-85.6877053"
"221","Pat's Archery","918-756-4632","12601 Hwy 75","","Okmulgee","OK","74447","USA","35.6853839","-95.96896979999997"
"222","Pat's Archery & Outdoors","","306 Hwy 78 West","","Jasper","AL","35501","USA","33.8503073","-87.27778619999998"
"223","Pelkey's Archery","","275 Nason Street","","St. Albans","VT","05478","USA","44.8034273","-73.11252379999996"
"224","Performance Archery","","8390 Miramar Place","","San Diego","CA","92121","USA","32.8805678","-117.17891099999997"
"225","Pike County Archery","217-285-1610","7 E Industrial Dr.","","Pittsfield","IL","62363","USA","42.43447","-73.25834040000001"
"226","Point Blank Sporting Goods","956-992-8799","Point Blank Sporting Goods #1036","","Lewiston","MT","59457","USA","46.9784182","-109.36684539999999"
"227","Porcupine Creek Supply","","4220 17th Street SE","","Calgary","AB","T2G 3W6","Canada","51.0161369","-114.01911319999999"
"228","Prairie Archery","","1025 South Otter Ave","","Parkers Prairie","MN","56361","USA","46.1434168","-95.32731079999996"
"229","Predator Archery-AUS","","34/119 Reichardt Rd, Winnellie","","Darwin","NT","0820","Australia","-12.4283833","130.87034229999995"
"230","Quality Archery","","19821 Hwy P","","Verona","MO","65769","USA","38.9550153","-94.57187669999996"
"231","Quincy Bow Pro","217-222-2222","3112 Broadway","","Quincy","IL","62301","USA","39.9352006","-91.36599910000001"
"232","R & R Sport Shop","","16 Federal Street","","Belchertown","MA","01007","USA","42.2905734","-72.4073004"
"233","R C Archery","","420 S. Main","","Clute","TX","77531","USA","29.017127","-95.40473700000001"
"234","Rack N Reel","","4665 Ethan Allen Hwy","","New Haven","VT","05472","USA","44.11348","-73.17666600000001"
"235","Ranch & Home","509-737-1996","845 N Columbia Center Blvd","","Kennewick","WA","99336","USA","46.2187671","-119.22500379999997"
"236","Red Lion Archery","","103 E Broadway","","Red Lion","PA","17356","USA","39.901349","-76.60416190000001"
"237","Reeve's Sport Shop","","1943 West Chestnut Street","","Washington","PA","15301","USA","40.1632541","-80.28412029999998"
"238","Riverside Archery","","17370 SR536","","Mount Vernon","WA","98273","USA","48.432159","-122.37102700000003"
"239","Rock Creek Archery LLC","","930 Battersby Ave, Ste 105","","Enumclaw","WA","98022","USA","47.2061658","-121.98359349999998"
"240","Rocky Mountain Archery","","304 E Park","","Butte","MT","59701","USA","46.0129423","-112.52936850000003"
"242","Rocky Mountain Discount Sports","","","","Casper","WY","82604","USA","42.866632","-106.31308100000001"
"243","Rocky Mountain Sports","307-672-3418","440 Broadway","","Sheridan","WY","82801","USA","44.8021419","-106.95394970000001"
"244","Rogers Sporting Goods","","1760 N Church Rd","","Liberty","MO","64068","USA","39.26873","-94.44231530000002"
"245","Ross Outdoors","","5825 W Van Buren","","Phoenix","AZ","85043","USA","33.4509696","-112.18536670000003"
"246","S-Appleton","920-830-2977","4301 W Wisconsin Ave","","Appleton","WI","54913","USA","Click button below","Click button below"
"247","S-Billings","406-656-9220","1121 Shiloh Crossing Blvd","","Billings","MT","59102","USA","45.7491395","-108.61570649999999"
"248","S-Cedar Falls","319-277-3033","402 Viking Plaza Drive","","Cedar Falls","IA","50613","USA","42.4813382","-92.442182"
"249","S-College Square","319-277-3033","College SQ Mall","","Cedar Falls","IA","50613","USA","42.5348993","-92.44531610000001"
"250","S-Dakota Square","701-852-1010","Minot Dakota Square","","Minot","ND","58701","USA","48.2162072","-101.32217209999999"
"251","S-Des Moines","515-727-4065","101 Jordan Creek Pkwy","","West Des Moines","IA","50266","USA","41.5702618","-93.80714019999999"
"252","S-Eau Claire","715-833-1886","4710 Golf Rd","","Eau Claire","WI","54701","USA","44.77174060000001","-91.44575090000001"
"253","S-Fargo","701-298-2918","1551 45th St. S","","Fargo","ND","58103","USA","46.85746959999999","-96.86390180000001"
"254","S-Grand Fork","701-780-9424","1375 S. Columbia Rd. Ste A","","Grand Forks","ND","58201","USA","47.9075901","-97.06501679999997"
"255","S-Great Falls","406-453-7666","1200 10th Ave South","","Great Falls","MT","59405","USA","47.4926316","-111.28871600000002"
"256","S-Iowa City","319-625-9959","1461 Coral Ridge Ave","","Coralville","IA","52241","USA","41.6936787","-91.6083572"
"257","S-Kirkwood","701-255-7255","800 Kirkwood Mall","","Bismarck","ND","58504-5721","USA","46.7982144","-100.7850368"
"258","S-Lincoln","402-420-9000","2960 Pine Lake Road","","Lincoln","NE","68516","USA","40.7423264","-96.67717849999997"
"259","S-Omaha","402-289-5666","17202 Davenport Street","","Omaha","NE","68118","USA","41.2616914","-96.1837835"
"260","S-Rapid City","605-342-9033","1225 Eglin Street","","Rapid City","SD","57701","USA","44.0987012","-103.18971599999998"
"261","S-Reno Sparks","775-331-2700","1200 Scheels Drive","","Sparks","NV","89434","USA","39.530671","-119.72165000000001"
"262","S-Rimrock Mall","406-656-9220","Rimrock Mall","","Billings","MT","59102","USA","45.78888569999999","-108.59088529999997"
"263","S-River Hills","507-386-7767","1850 Adams Street","","Mankato","MN","56001","USA","44.1729221","-93.95388249999996"
"264","S-Sandy","801-948-7080","11282 South State Street","","Sandy","UT","84070","USA","40.546501","-111.893486"
"265","S-Sioux Falls","605-334-7767","2101 West 41st Street","","Sioux Falls","SD","57105","USA","43.5121213","-96.75425289999998"
"266","S-Southern Hill","","4400 Sergeant Road","","Sioux Falls","IA","51106","USA","42.4464584","-96.3525525"
"267","S-Springfield","217-726-6330","3801 S MacArthur Blvd","","Springfield","IL","62711-6436","USA","39.7499698","-89.67095849999998"
"268","S-St. Cloud","320-252-9494","40 North Waite Ave","","Waite Park","MN","56387","USA","45.5538129","-94.21375760000001"
"269","S&S Sport Shop","","1010 E Main Street","","Rockwood","PA","15557","USA","39.9211253","-79.14941759999999"
"270","SANDERS ARCHERY SUPPLY","870-836-8844","TERRY SANDERS","","CAMDEN","AR","71701","USA","33.5845581","-92.8343294"
"271","SARL Archer's Supply","+33 4 74 67 37 79","Zac d'Epinay","","GLEIZE","","69400","France","45.988917","4.696848999999929"
"272","Screaming Eagle Archery","907-376-2699","200 Park Ave","","Wasilla","AK","99654","USA","61.577539","-149.446487"
"273","Shawmut Distributors","","301 US Rt 1","","Kittery","ME","03904","USA","43.0816393","-70.7517914"
"274","Sherwood Archerie","","31 Rte De Bischwiller","","Schiltighein 67300","","","France","48.6031918","7.746320299999979"
"275","Simmons Sporting Goods","318-283-2688","918 N Washington","","Bastrop","LA","71220","USA","32.7860802","-91.91285040000002"
"276","Skip's Archery","","PO Box 10","","Mineral Springs","NC","28108","USA","34.9347812","-80.68106549999999"
"277","Smith Point Sports","631-289-3399","215 East Main Street","","Patchouge","NY","11772","USA","40.7666355","-73.00881040000002"
"278","Softsource Inc","","504 W OLIVER ST.","","MANSFIELD","IL","61854","USA","40.2115047","-88.5109458"
"279","Southtown Sporting Goods","","4602 N College","","Fayetteville","AR","72703","USA","36.1349171","-94.14433550000001"
"280","Sportsman's Choice","","6925-C Maynardville PK","","Black Oak","TN","37918","USA","36.072907","-83.930901"
"281","Sportsman's Den","","201 N. Gamble Street","","Shelby","OH","44875","USA","40.8970362","-82.6601427"
"282","Sportsman's Supply Inc.","636-629-1600","2219 Hitzert Ct","","Fenton","MO","63026","USA","38.5529982","-90.45360540000001"
"283","Sportsmen's Unlimited","","866 Allamakee St","","Waukon","IA","52172","USA","43.2780174","-91.4756286"
"284","Spot Shooter Archery","","3525 Grange Hall Road","","Holly","MI","48442","USA","42.8063369","-83.62952239999998"
"285","SSA Sporting Goods","","Nering Straat 2","","Blankenberge ","","8370","Belgium","51.2964602","3.1543051999999534"
"286","Stalker Outdoors","865-742-0998","3832 Hwy 11 E","","Lenoir City","TN","37772","USA","35.808235","-84.25416100000001"
"287","Streiff Sporting Goods","218-386-2590","34480 550 Ave","","Warroad","MN","56763","USA","48.89469649999999","-95.41756190000001"
"288","Strike Zone Fishing","904-641-2433","Rick Stinson","","Jacksonville","FL","32246","USA","30.3093218","-81.50477719999998"
"289","SunRy's Archery and Outdoors","810-936-0066","1442 Torrey Road","","Fenton","MI","48430","USA","42.8124985","-83.72464350000001"
"290","Sweeney Sports","","1537 Imola Ave","","Napa","CA","94559","USA","38.2803158","-122.27187559999999"
"291","Ten Zone Archery","","","","East Maitland","","2323","Australia","-32.7035014","151.52149980000002"
"292","The \"Out\" House","","5500 Franklin Ave","","Waco","TX","76710","USA","31.51600419999999","-97.18072130000002"
"293","The Archery Company Eng.","","The Paddocks, Deepdale","","Bedfordshire","","SG19 2NH","England","52.1279698","-0.23655310000003738"
"294","The Archery Shop-Minster, OH","419-628-2174","55 N Hanover Street","","Minster","OH","45865","USA","40.39432","-84.38093900000001"
"295","The Arrow Shop","","3400 Tuxedo Blvd, Suite E","","Bartlesville","OK","74006","USA","36.757477","-95.93941640000003"
"296","The Bow Zone","","5833 Treaschwig","","Spring","TX","77373","USA","30.0468627","-95.3445456"
"297","The Great Outdoors","","2455 Route 21 South","","Ripley","WV","25271","USA","38.851921","-81.71282429999997"
"298","The Nock Point","425-672-8080","22313 - 70th Ave West, ","","Mountainlake Terrace","WA","98043","USA","47.7964078","-122.32709820000002"
"299","The Southern Sportsman","","1724 Front Street","","Meridian","MS","39301","USA","32.3653843","-88.69522769999998"
"300","The Spot Archery","","3524 W Gettysburg","","Fresno","CA","93722","USA","36.8017139","-119.855951"
"301","The Sure Shot","256-329-0080","The Sure Shot","","Lewiston","MT","59457","USA","46.9784182","-109.36684539999999"
"302","Tim's Paintball & Sporting Goods","","10 East 4th South","","Preston","ID","83263","USA","42.0889599","-111.8763212"
"303","TimberGhost Hunting & Fishing- Cumming","","3455 Keith Bridge Rd.","","Cummings","GA","30041","USA","34.2605829","-84.073328"
"304","TIMBERWOLF TRADING POST","","CLIFF ST. MARTIN","","ROCHESTER","IN","46975","USA","41.0647645","-86.2158331"
"305","Traditions Archery","","2199 E. Henrietta Rd","","Rochester","NY","14623","USA","43.0736923","-77.60917089999998"
"306","Triangle Sports","","140 Heber Springs Rd","","Batesville","AR","72501","USA","35.7404319","-91.64471300000002"
"307","TURNERS OUTDOORSMAN","","MICHELLE BELLAVER","","RANCHO CUCAMONGA","CA","91730","USA","34.0965313","-117.58480250000002"
"308","Ultimate Outdoors","","2780 Route 286 Golden Mile Hwy","","Pittsburgh","PA","15239","USA","40.4641744","-79.70544610000002"
"309","Ultra Products","","PO Box 100","","Fairfield","IL","62837","USA","38.378937","-88.35976829999998"
"310","Van's Sporting Goods","","777 Hwy 468","","Brandon","MS","39042","USA","32.224554","-90.03284129999997"
"311","Van Winkle's Sporting Goods","","1901 Hewitt","","Everett","WA","98201","USA","47.9795011","-122.20414249999999"
"312","Vanderbilts","","3005 Enterprise Dr.","","Salina","KS","67401","USA","38.783142","-97.60700399999996"
"313","Viking Archery","","41000 FM 3159","","Canyon Lake","TX","78132","USA","29.833313","-98.282937"
"314","Warner - Jeff","907-229-1214","10141 Colville St.","","Eagle River","AK","99577","USA","61.312567","-149.54221"
"315","Warsaw Archery","","Richard Hamby","","Warsaw","MO","65355","USA","38.2430811","-93.38187110000001"
"316","West Houston Archery","","11522 Katy Freeway","","Houston","TX","77043","USA","29.785726","-95.58694300000002"
"317","Whitney's Hunting Supply","","2 Church Street","","Granville","NY","12832","USA","43.4073494","-73.25956080000003"
"318","Wild Idea Archery","(cell) 417-224-0567","537 N C Hwy","","Seymour","MO","65746","USA","37.1519064","-92.7543493"
"319","Wilson Outdoor, LLC","","105 E 9th St","","Rector","AR","72461","USA","36.2590382","-90.29267060000001"
"320","Wink's Sporting Goods","","12122A Carol Lane","","Princess Anne","MD","21853","USA","38.2143249","-75.70197239999999"
"321","Wolf's Den","","R.R. #1","","Utopia","ON","L0M 1T0","Canada","44.31161549999999","-79.81846840000003"
"322","Woody's Sporting Goods","610-678-7807","35 Werner St.","","Wernersville","PA","19565","USA","40.3285706","-76.07826490000002"
"323","Wyvern Creations","603-659-0575","235 North River Road","","Lee","NH","03824","USA","43.0913571","-71.02588179999998"
"324","Young-Korey","270-799-7165","465 Raquelle Dr","","Bowling Green","KY","42103","USA","36.9906657","-86.41241250000002"
"325","Fox Valley Archery","847-844-3337","661 S 8th Street","","West Dundee","IL","60118","USA","42.0910634","-88.2885584"
"326","Wiregrass Archery & Outdoors","(334) 655-CAMO","1257 Rucker Blvd","","Enterprise","AL","36331","USA","31.3303903","-85.8156429"
"327","NICHOLS STORE, INC.","(803) 328.9792","1980 Mt. Holly Road","","Rock Hill","South Carolina","29730","","34.865218","-81.01539869999999"
"328","Outrageous Outdoors ","618-639-4867","902 South State Street","","Jerseyville","IL","62052","USA","39.111553","-90.321573"
